<?xml version="1.0" encoding="UTF-8"?>
<histoqueries>
 <histoquery>SELECT title FROM movies</histoquery>
 <histoquery>SELECT * FROM movies</histoquery>
 <histoquery>SELECT MAX(copy_id) FROM copies</histoquery>
 <histoquery>SELECT MAX(copy_id) +1  FROM copies</histoquery>
 <histoquery>INSERT INTO copies(copy_id, movie_id, available)&#13;
VALUES ( (SELECT MAX(copy_id) +1  FROM copies), 12, false )</histoquery>
 <histoquery>SELECT *&#13;
FROM movies WHERE movie_id = 12</histoquery>
 <histoquery>SELECT *&#13;
FROM actors a&#13;
JOIN starring s ON s.actor_id = a.actor_id&#13;
WHERE s.movie_id = 12</histoquery>
 <histoquery>SELECT *&#13;
FROM actors a&#13;
JOIN starring s ON s.actor_id = a.actor_id&#13;
WHERE s.movie_id = 7</histoquery>
 <histoquery>SELECT *&#13;
FROM &#13;
movies m&#13;
JOIN starring s ON s.movie_id = m.movie_id&#13;
JOIN actors a ON a.actor_id = s.actor_id&#13;
JOIN copies c ON c.movie_id = m.movie_id&#13;
JOIN rentals r ON r.copy_id = c.copy_id</histoquery>
 <histoquery>SELECT *&#13;
FROM &#13;
movies m&#13;
JOIN starring s ON s.movie_id = m.movie_id&#13;
JOIN actors a ON a.actor_id = s.actor_id&#13;
JOIN copies c ON c.movie_id = m.movie_id&#13;
JOIN rentals r ON r.copy_id = c.copy_id&#13;
WHERE m.movie_id = 7</histoquery>
</histoqueries>
